distance (mi),altitude (ft)
0,5795.4
0.01,5797.3
0.042,5804.3
0.044,5805
0.075,5815.7
0.086,5819.1
0.091,5820.7
0.101,5824.4
0.114,5827.5
0.147,5829.3
0.155,5830.8
0.161,5832.2
0.174,5835.1
0.179,5836.2
0.185,5837.7
0.191,5838.8
0.222,5848.2
0.229,5848.3
0.238,5848.8
0.242,5849.6
0.247,5848.9
0.255,5847.5
0.258,5847.2
0.264,5846.2
0.27,5845.4
0.278,5843.3
0.282,5842.5
0.293,5839.4
0.298,5838
0.304,5836.3
0.313,5837.2
0.317,5838.5
0.321,5838.9
0.327,5841
0.333,5842.9
0.341,5842.9
0.349,5843.5
0.354,5843.7
0.364,5843.7
0.37,5843.5
0.379,5843.7
0.385,5844.8
0.39,5845.7
0.396,5846.8
0.402,5848.1
0.409,5849.6
0.419,5852.4
0.428,5855.3
0.436,5858.3
0.443,5863.6
0.45,5868.9
0.453,5871.7
0.462,5878.7
0.472,5883
0.484,5884.7
0.492,5885.2
0.5,5885.8
0.513,5888
0.518,5889
0.523,5889.9
0.536,5891.6
0.548,5892.8
0.553,5893.4
0.564,5896.1
0.576,5900.3
0.591,5907.6
0.605,5916.8
0.618,5921.8
0.634,5925.3
0.648,5926
0.665,5927.8
0.682,5931.6
0.693,5933.8
0.716,5939.4
0.728,5947.7
0.749,5959.1
0.759,5962.8
0.764,5963.2
0.774,5964.8
0.78,5965.3
0.787,5966.9
0.8,5970.9
0.807,5974
0.812,5976.6
0.816,5979.1
0.82,5981.1
0.833,5984.6
0.839,5987
0.843,5987.5
0.854,5992.1
0.861,5994.2
0.872,5998.3
0.878,5998.8
0.886,5999.6
0.898,6004.4
0.909,6012.8
0.918,6018.3
0.926,6024.2
0.935,6034.1
0.945,6041.6
0.954,6049.1
0.958,6052.4
0.97,6050.4
0.979,6056.4
0.987,6061.2
0.997,6070.8
1.001,6075
1.01,6079.4
1.015,6084.2
1.022,6090.5
1.025,6092.6
1.027,6094.2
1.033,6097
1.044,6097.9
1.049,6100.4
1.054,6104.7
1.062,6105.1
1.073,6112.2
1.085,6124.7
1.098,6133.7
1.108,6140.3
1.116,6142
1.125,6140.7
1.13,6139.2
1.138,6142.1
1.146,6146.6
1.156,6153
1.17,6158.2
1.179,6163.3
1.19,6172.5
1.202,6186.7
1.208,6196.5
1.212,6199.1
1.219,6200.3
1.234,6207.4
1.252,6220.9
1.261,6227.7
1.272,6239.5
1.291,6256.3
1.306,6269
1.313,6270.9
1.326,6269.8
1.332,6266.9
1.337,6263.8
1.342,6263.7
1.348,6269.4
1.36,6278.8
1.363,6279.7
1.369,6276.3
1.375,6280.3
1.382,6290.4
1.394,6300.7
1.402,6304.6
1.411,6317.1
1.426,6331.3
1.435,6340.3
1.448,6344.5
1.456,6351.1
1.466,6353.1
1.478,6363.3
1.487,6373.3
1.5,6380.6
1.511,6389.2
1.53,6399.2
1.549,6418.2
1.56,6419.7
1.575,6433.9
1.584,6442.3
1.587,6441.3
1.593,6428.8
1.599,6435.6
1.604,6443
1.612,6447.4
1.621,6453.8
1.632,6472.5
1.638,6480.9
1.646,6477.3
1.655,6472.8
1.661,6461.7
1.668,6454.1
1.672,6454.5
1.679,6462.9
1.686,6457.9
1.697,6442.2
1.709,6451.9
1.718,6460.1
1.729,6466.2
1.743,6473.9
1.754,6482.9
1.772,6490
1.787,6495
1.799,6503.2
1.807,6506.2
1.819,6536.7
1.839,6573.3
1.857,6587
1.868,6596.6
1.874,6583.6
1.886,6583.9
1.898,6589.6
1.908,6585.8
1.921,6582.7
1.929,6579.2
1.938,6579.1
1.949,6579
1.955,6584.5
1.967,6596
1.98,6601.7
1.988,6601.5
1.991,6606.4
1.997,6612
2.01,6612.8
2.02,6614.8
2.034,6630.7
2.049,6638.1
2.064,6650.8
2.08,6652.7
2.097,6671.9
2.108,6688
2.126,6700.8
2.139,6706
2.155,6708.6
2.161,6716.8
2.175,6716.2
2.191,6731.2
2.199,6729.9
2.205,6725
2.209,6738.9
2.216,6743.9
2.222,6739
2.23,6742
2.24,6744.6
2.246,6758.9
2.267,6777.7
2.293,6804
2.308,6817.1
2.314,6824.2
2.331,6823.9
2.344,6828.6
2.354,6835.6
2.368,6849.2
2.383,6840.2
2.394,6842.2
2.413,6861.2
2.428,6887.2
2.431,6890.1
2.44,6877.2
2.443,6883.9
2.446,6893
2.459,6909
2.47,6908.8
2.483,6903.9
2.508,6916.8
2.526,6938.9
2.534,6932.6
2.542,6920.2
2.555,6928.9
2.567,6934.8
2.579,6933.8
2.587,6924.1
2.595,6920.7
2.598,6922.9
2.606,6938.7
2.617,6952.3
2.641,6959.9
2.659,6970.2
2.669,6983.6
2.685,7005.9
2.695,7014.3
2.702,7026.8
2.721,7041.7
2.738,7046
2.741,7046.7
2.756,7056.8
2.776,7078.2
2.786,7084.9
2.806,7084.5
2.823,7093.4
2.834,7100.4
2.85,7110.8
2.863,7116.2
2.873,7134
2.896,7147.7
2.917,7150.4
2.935,7166.5
2.95,7189.1
2.967,7213.1
2.991,7234.8
3.006,7267.9
3.019,7270.8
3.031,7249.5
3.034,7251.4
3.041,7272.2
3.054,7308
3.068,7336.9
3.072,7339.4
3.089,7313.5
3.103,7306
3.109,7307.1
3.112,7315.3
3.127,7333.7
3.148,7368.8
3.154,7377.2
3.167,7394.1
3.174,7385.3
3.186,7369
3.193,7373.5
3.201,7391.5
3.212,7406.3
3.23,7428.5
3.241,7440.8
3.25,7438.4
3.258,7450.3
3.27,7462.9
3.28,7444.3
3.291,7448.3
3.304,7450
3.309,7457.4
3.321,7483.2
3.334,7508.8
3.344,7520
3.357,7531.5
3.366,7543.3
3.369,7539.1
3.38,7546.1
3.39,7561.6
3.405,7576
3.417,7570.8
3.437,7580.7
3.455,7575.4
3.461,7577.7
3.477,7588.3
3.491,7610.4
3.506,7625.9
3.523,7638.4
3.539,7654.5
3.554,7662.9
3.563,7657.9
3.571,7655.1
3.581,7673.9
3.601,7691.1
3.615,7696.1
3.622,7703.8
3.644,7724.1
3.664,7729.1
3.677,7728.9
3.691,7728.1
3.705,7747.4
3.715,7766.2
3.723,7765.7
3.73,7780.9
3.741,7785.3
3.753,7792
3.761,7783.9
3.77,7797
3.784,7823.5
3.792,7826.7
3.809,7831.4
3.82,7833.9
3.834,7841.6
3.846,7846.7
3.852,7845.1
3.861,7847.7
3.874,7850.8
3.885,7854
3.897,7857.2
3.902,7858.8
3.909,7862.9
3.915,7863.7
3.93,7872.4
3.945,7880.2
3.958,7890.4
3.972,7900.5
3.989,7915.8
4.002,7930.3
4.017,7946.4
4.031,7963.7
4.038,7972.1
4.047,7983.8
4.063,8001.8
4.074,8010.6
4.092,8022.4
4.111,8037.2
4.133,8053.8
4.156,8064.3
4.184,8071.9
4.2,8077.9
4.217,8074.9
4.238,8059
4.246,8056.4
4.257,8052.7
4.263,8050.6
4.271,8049.5
4.284,8042.3
4.296,8034.1
4.315,8017.9
4.328,8005.7
4.343,7995
4.351,7986.7
4.357,7983.8
4.371,7975.1
4.385,7962.5
4.398,7951.7
4.413,7941.3
4.423,7939.6
4.44,7950.3
4.454,7970
4.468,7990
4.483,8002.9
4.502,8030.7
4.518,8043.5
4.541,8074.3
4.564,8099.5
4.576,8115.1
4.596,8140.7
4.613,8158.6
4.635,8181.3
4.646,8189.2
4.656,8196.6
4.67,8214.6
4.683,8225.3
4.703,8238.8
4.721,8249.6
4.737,8255.2
4.751,8265.1
4.772,8284.2
4.785,8288.2
4.806,8305.4
4.813,8317.1
4.825,8325.6
4.839,8333.6
4.847,8340.6
4.864,8349
4.882,8353.3
4.897,8351.8
4.905,8355.2
4.911,8359
4.919,8354.3
4.927,8346.5
4.934,8339.6
4.939,8335
4.948,8325
4.954,8316.7
4.958,8312.1
4.966,8305.1
4.976,8298.9
4.983,8290.5
4.998,8286.8
5.012,8292.3
5.025,8288.3
5.033,8289.1
5.047,8300.2
5.057,8303.7
5.065,8297
5.073,8296.8
5.088,8305.1
5.103,8320.2
5.115,8329.3
5.127,8339.7
5.145,8351.9
5.159,8349.8
5.169,8339.3
5.181,8326.4
5.195,8305.3
5.203,8295.3
5.217,8279.3
5.23,8272
5.244,8257.4
5.266,8257.3
5.285,8251.5
5.3,8254.3
5.32,8250.5
5.333,8256.5
5.346,8252.2
5.356,8249.1
5.366,8250.1
5.375,8247.7
5.393,8247.1
5.408,8248.1
5.418,8253.4
5.428,8250.5
5.44,8251.3
5.455,8253.1
5.477,8256.6
5.485,8257.1
5.502,8275
5.519,8297.1
5.53,8314.6
5.539,8320.4
5.554,8325
5.571,8330.8
5.583,8342.3
5.604,8361.1
5.618,8372
5.644,8374.5
5.656,8378.5
5.676,8378.6
5.696,8384.5
5.714,8389.2
5.731,8396.2
5.747,8404.7
5.758,8407.7
5.784,8414.8
5.808,8441.8
5.832,8461.3
5.853,8482.7
5.872,8492.4
5.882,8490.6
5.895,8493.5
5.912,8484.4
5.918,8474.6
5.935,8466
5.951,8456.7
5.964,8444.7
5.982,8434.4
5.997,8429.7
6.009,8426.1
6.017,8424.1
6.031,8426.3
6.049,8432.4
6.062,8439.5
6.087,8451
6.095,8452.1
6.103,8452.5
6.115,8456.2
6.127,8453.9
6.135,8448.6
6.142,8444.6
6.148,8442.8
6.161,8428
6.18,8406.8
6.194,8388.9
6.207,8374.4
6.219,8366.6
6.231,8362.4
6.249,8352.9
6.263,8348.3
6.272,8345.9
6.278,8345.8
6.287,8344.9
6.294,8345.7
6.304,8350.3
6.322,8358.3
6.338,8368.9
6.349,8378.6
6.372,8389.1
6.383,8383.1
6.387,8386.5
6.394,8396.6
6.404,8408.8
6.415,8425.7
6.427,8443.1
6.44,8464.9
6.449,8478.7
6.462,8496.4
6.472,8504.2
6.476,8503.3
6.484,8513.1
6.489,8515.4
6.493,8518.8
6.498,8522.8
6.506,8531.1
6.513,8534.9
6.534,8555.5
6.542,8560.9
6.554,8569.1
6.561,8574
6.568,8579.2
6.578,8584.4
6.585,8587.8
6.597,8590.3
6.603,8592.2
6.619,8597.6
6.63,8601.3
6.64,8601.9
6.644,8601.9
6.646,8602.3
6.651,8603.2
6.654,8603.5
6.657,8603.5
6.66,8603.7
6.668,8604.7
6.673,8605.4
6.676,8605.7
6.689,8605.9
6.698,8607.2
6.703,8606.5
6.708,8605.8
6.711,8605.4
6.716,8604.7
6.724,8603.7
6.728,8603.5
6.73,8603.5
6.734,8603.2
6.738,8602.3
6.74,8601.9
6.751,8602.7
6.758,8600.5
6.765,8599.8
6.776,8595.6
6.785,8591.2
6.798,8571.2
6.804,8561.5
6.821,8532.2
6.842,8492.2
6.862,8444.1
6.889,8377.7
6.92,8349.9
6.952,8343.2
6.967,8316
7,8279.7
7.036,8274.8
7.057,8294.5
7.091,8325.6
7.123,8317.5
7.139,8323.3
7.166,8316.2
7.176,8292
7.196,8300.6
7.216,8313.1
7.229,8333.1
7.243,8353
7.262,8353.6
7.279,8336.2
7.347,8255.7
7.404,8183.7
7.433,8169
7.444,8164.6
7.45,8162.2
7.471,8161.8
7.496,8168.7
7.526,8186.6
7.55,8197.8
7.574,8200.6
7.59,8201.2
7.61,8204.8
7.64,8197.8
7.664,8196.1
7.699,8193.1
7.724,8198.3
7.742,8195.9
7.75,8198.5
7.764,8212.4
7.785,8240.8
7.804,8254.9
7.822,8256.7
7.842,8271.9
7.859,8283.8
7.893,8305.7
7.913,8275.3
7.934,8250.7
7.959,8213.9
7.97,8198.5
7.981,8187.4
7.997,8180.2
8.037,8166.9
8.074,8178.5
8.093,8192.5
8.116,8202.2
8.132,8201.7
8.147,8205.2
8.186,8186.8
8.229,8133.9
8.255,8107.3
8.271,8104
8.275,8105.4
8.287,8104
8.292,8102.3
8.302,8104
8.32,8110.6
8.34,8098
8.361,8070.1
8.387,8033
8.405,8017.2
8.431,8016.6
8.444,8017.9
8.462,8019.8
8.474,8004.2
8.489,7980.4
8.503,7971.3
8.517,7953.1
8.532,7935.2
8.55,7909
8.562,7891.3
8.58,7863.9
8.595,7838.4
8.603,7828.4
8.613,7811.9
8.625,7795
8.633,7780.5
8.64,7770
8.652,7764.7
8.669,7747.7
8.686,7730.4
8.71,7699
8.724,7686.5
8.745,7657.7
8.765,7625.3
8.781,7606.8
8.797,7571.5
8.809,7552.8
8.817,7535.4
8.833,7507.2
8.836,7502.9
8.842,7492.7
8.851,7481.3
8.87,7458.2
8.882,7445.1
8.893,7433.9
8.904,7422.8
8.914,7417.9
8.93,7406.1
8.942,7397.2
8.95,7391.8
8.973,7376.3
8.985,7370.5
8.996,7364.2
9.01,7352.8
9.014,7348.2
9.031,7333.1
9.053,7320.4
9.071,7306.1
9.091,7287.7
9.113,7269.8
9.132,7253
9.146,7240.4
9.162,7223.5
9.173,7211.3
9.195,7191.5
9.216,7174.6
9.233,7166.5
9.252,7162.6
9.276,7162.3
9.286,7157.9
9.31,7151.9
9.33,7148.4
9.344,7143
9.354,7138.1
9.371,7131.1
9.385,7127.4
9.394,7123.1
9.414,7110.9
9.43,7099
9.437,7094.3
9.445,7089.3
9.457,7080
9.471,7068.2
9.48,7065.5
9.489,7060.4
9.498,7049.9
9.507,7041.4
9.519,7022.1
9.537,6997
9.541,6987.9
9.551,6980.2
9.559,6968.4
9.566,6960.8
9.577,6952.7
9.587,6958.6
9.603,6942.8
9.624,6937.7
9.641,6937.7
9.65,6930.5
9.669,6915.2
9.687,6892.3
9.699,6882.3
9.709,6877.3
9.722,6874.7
9.738,6859.1
9.755,6840.5
9.77,6815
9.786,6800.6
9.808,6788.8
9.816,6781.6
9.826,6771.2
9.836,6766.2
9.849,6764.2
9.855,6758.6
9.864,6755.5
9.878,6745.4
9.892,6733.2
9.906,6723
9.918,6717.7
9.93,6714.8
9.948,6711.7
9.966,6708.3
9.98,6708.8
10.019,6706.1
10.039,6701
10.065,6696.6
10.085,6685.7
10.098,6681.7
10.118,6672.5
10.135,6665.5
10.163,6656.6
10.185,6647.3
10.2,6643.2
10.224,6638.5
10.242,6635.1
10.261,6627.5
10.292,6617.3
10.312,6612.7
10.323,6607.7
10.342,6599.8
10.35,6597.8
10.377,6594.8
10.412,6588.7
10.436,6580.1
10.469,6566.6
10.483,6566
10.493,6566.9
10.503,6568.9
10.518,6570
10.533,6570
10.542,6564
10.55,6564
10.557,6558.7
10.566,6563.7
10.576,6563.4
10.584,6562.4
10.593,6561.5
10.612,6554.4
10.634,6550.9
10.652,6551.3
10.671,6550
10.688,6543.9
10.699,6532.7
10.725,6531.9
10.746,6521.5
10.769,6515.2
10.79,6511.8
10.807,6507
10.818,6504.4
10.836,6505.7
10.856,6494.7
10.866,6487.9
10.881,6477.1
10.899,6459.8
10.906,6458.3
10.92,6440.8
10.927,6432.3
10.935,6423
10.944,6414
10.953,6401.9
10.968,6395.3
10.983,6399.5
10.991,6397.4
11.008,6391.8
11.028,6385.7
11.038,6380.8
11.056,6379.8
11.076,6366.5
11.095,6349.9
11.109,6341
11.132,6337.9
11.148,6330.5
11.165,6326
11.18,6321.8
11.205,6320.6
11.227,6315.8
11.239,6310.3
11.262,6308.1
11.275,6317.1
11.295,6320
11.318,6310.8
11.332,6303
11.348,6285.3
11.362,6287.6
11.385,6277.8
11.395,6275.5
11.402,6274.3
11.419,6270.2
11.443,6267.5
11.454,6272
11.465,6268.6
11.482,6267
11.495,6263.9
11.513,6266
11.527,6266.4
11.54,6269.9
11.552,6276
11.576,6279.5
11.6,6286.3
11.613,6289.6
11.621,6293.2
11.638,6297.5
11.652,6299.5
11.675,6296.3
11.695,6300.5
11.704,6298.7
11.719,6289.7
11.74,6277.1
11.757,6269.5
11.769,6267.1
11.786,6261.4
11.8,6254.2
11.813,6247.8
11.824,6243.4
11.84,6232.6
11.849,6229.4
11.86,6229.4
11.87,6227.7
11.889,6223.8
11.906,6220.4
11.914,6217.9
11.915,6217.8
11.917,6218.2
11.927,6216.4
11.93,6216.9
11.936,6217.5
11.945,6219.6
11.956,6223.8
11.965,6227.8
11.975,6232
11.985,6237.7
11.997,6245.5
12.009,6251.5
12.017,6256.4
12.031,6264.5
12.041,6276.7
12.046,6282.1
12.063,6295.5
12.087,6317.6
12.096,6325
12.099,6327.3
12.109,6336.7
12.115,6341.3
12.124,6349.8
12.143,6363.8
12.151,6370.6
12.165,6380.4
12.179,6389.1
12.191,6396.6
12.208,6404.9
12.227,6409.5
12.246,6411.4
12.258,6415.6
12.273,6426.5
12.292,6443.1
12.307,6459
12.316,6469.6
12.324,6479.3
12.328,6485
12.339,6500.4
12.348,6514.4
12.362,6535.5
12.378,6562.3
12.388,6570.9
12.391,6576.8
12.414,6602.7
12.425,6608.3
12.437,6615.8
12.451,6635.3
12.461,6646.5
12.478,6655.7
12.488,6670.7
12.495,6669
12.507,6672.1
12.517,6671.9
12.533,6673.3
12.545,6678.6
12.553,6676.9
12.565,6687.1
12.573,6693
12.582,6696
12.601,6720.1
12.619,6725.5
12.645,6771.8
12.654,6783.4
12.659,6790.8
12.678,6783.7
12.685,6785.9
12.701,6779.8
12.713,6774.4
12.721,6779.5
12.727,6785
12.75,6799.9
12.772,6809.4
12.784,6811.3
12.795,6810.9
12.818,6823.1
12.835,6833.8
12.859,6854.7
12.871,6863.5
12.891,6876
12.917,6899.7
12.93,6912.2
12.945,6930
12.951,6931.7
12.957,6943.2
12.97,6954.6
12.986,6961
12.996,6970.8
13.018,6982.4
13.036,6994.9
13.05,7009.3
13.067,7015.8
13.086,7030.9
13.108,7055.4
13.123,7069.4
13.135,7080.5
13.147,7077.7
13.17,7083.8
13.188,7100
13.213,7125.5
13.246,7140.7
13.255,7144.5
13.268,7147.8
13.284,7156.3
13.297,7164.1
13.307,7163
13.328,7166.8
13.349,7166.3
13.374,7167.3
13.398,7164.3
13.417,7159.5
13.427,7162.1
13.448,7165.6
13.469,7169.4
13.487,7167.7
13.507,7159.7
13.522,7150.2
13.537,7149.5
13.552,7150.2
13.574,7148
13.6,7146.1
13.626,7146
13.654,7142.4
13.673,7143.2
13.698,7141.3
13.716,7136.5
13.747,7128.6
13.756,7125.6
13.764,7120.7
13.782,7110.2
13.813,7095.8
13.826,7095.5
13.837,7096.9
13.847,7098.5
13.863,7094.6
13.887,7090.6
13.91,7093.4
13.93,7086.1
13.951,7073.6
13.966,7065.6
13.975,7063.7
14.002,7053.2
14.014,7046.8
14.041,7040.3
14.051,7040.3
14.055,7037.9
14.07,7038.9
14.084,7032.1
14.097,7023.9
14.109,7011.8
14.142,6993.7
14.167,6979.1
14.184,6963.8
14.206,6937.5
14.225,6928.1
14.242,6916
14.255,6907
14.273,6892.4
14.29,6881.1
14.303,6871.7
14.321,6857.5
14.343,6840.2
14.357,6827.4
14.381,6806.4
14.412,6792
14.439,6762.9
14.456,6737.1
14.466,6726.3
14.474,6723.5
14.492,6722.3
14.504,6719
14.52,6705.9
14.538,6697.8
14.551,6681.2
14.56,6679.1
14.577,6666.3
14.596,6658.5
14.611,6651.3
14.62,6646.2
14.639,6634.5
14.664,6615.7
14.686,6588.5
14.701,6574.5
14.714,6567.9
14.738,6552.3
14.759,6541.4
14.772,6530.2
14.777,6528.1
14.788,6518.7
14.805,6511.2
14.826,6505.3
14.838,6501.6
14.855,6492.9
14.867,6491.8
14.88,6495.6
14.9,6492.7
14.919,6487.3
14.945,6481.3
14.973,6468.9
14.992,6454.6
15.012,6436.4
15.027,6428.5
15.04,6424.1
15.06,6420.8
15.082,6414.7
15.098,6412.4
15.116,6406.1
15.132,6400.7
15.158,6392.2
15.168,6388.3
15.191,6390.4
15.204,6389.5
15.218,6387.2
15.234,6378.2
15.252,6381.5
15.282,6384.4
15.312,6370.8
15.323,6373.4
15.338,6378
15.351,6382.9
15.372,6367.7
15.398,6354.7
15.424,6342.7
15.441,6343
15.451,6338.6
15.456,6338
15.469,6334.3
15.479,6329.6
15.499,6324.4
15.516,6321.3
15.535,6326.7
15.558,6335.9
15.58,6341.7
15.596,6338.7
15.612,6331
15.628,6327.8
15.651,6317.3
15.671,6310.2
15.686,6305.4
15.711,6299.3
15.735,6295
15.744,6293.5
15.745,6293.1
15.752,6290.7
15.758,6288.9
15.771,6287
15.799,6281.6
15.824,6273.1
15.837,6263.6
15.842,6260.6
15.848,6256.1
15.854,6252
15.864,6248.5
15.882,6246.2
15.902,6242.2
15.915,6246.5
15.926,6246.4
15.946,6248.5
15.955,6252
15.961,6256.1
15.967,6260.6
15.972,6263.6
15.985,6273.1
16.01,6281.6
16.039,6287
16.051,6288.9
16.057,6290.7
16.065,6293.1
16.066,6293.5
16.074,6295
16.098,6299.3
16.123,6305.4
16.138,6310.2
16.158,6317.3
16.181,6327.8
16.197,6331
16.213,6338.7
16.229,6341.7
16.252,6335.9
16.274,6326.7
16.293,6321.3
16.31,6324.4
16.33,6329.6
16.35,6331.1
16.375,6331.7
16.392,6334.5
16.418,6337.4
16.442,6331
16.456,6330.5
16.467,6334.7
16.496,6354.8
16.519,6359.6
16.547,6357.2
16.575,6358.1
16.593,6366.7
16.618,6388.2
16.654,6421.7
16.682,6426.6
16.714,6415
16.743,6417.9
16.775,6424.3
16.8,6428.6
16.825,6428.9
16.851,6435.3
16.866,6438
16.891,6429
16.922,6428
16.939,6444.5
16.96,6449.2
16.982,6453.7
16.995,6447.7
17.011,6438.4
17.026,6435.8
17.045,6441.7
17.059,6445.3
17.073,6449.8
17.102,6467.6
17.127,6478.2
17.153,6485.4
17.179,6492.4
17.202,6497.9
17.224,6499.3
17.24,6505.3
17.253,6511
17.269,6516.3
17.277,6520.9
17.287,6522.9
17.304,6528.1
17.32,6532.2
17.34,6536.5
17.355,6533
17.374,6532
17.382,6532.1
17.389,6543.1
17.413,6548.7
17.44,6556.7
17.46,6565.9
17.485,6583.5
17.506,6593.8
17.516,6586.5
17.532,6588.3
17.546,6614.4
17.56,6628.6
17.566,6636.3
17.587,6653.3
17.614,6680.8
17.625,6695.9
17.637,6699.8
17.643,6699.1
17.655,6702.9
17.682,6729.2
17.694,6730.6
17.72,6738.3
17.739,6745.6
17.756,6775.8
17.77,6795.4
17.788,6802.4
17.793,6813.6
17.798,6821
17.806,6827.9
17.827,6846
17.851,6858.4
17.865,6871.4
17.888,6902
17.901,6906.4
17.913,6922
17.923,6934.8
17.934,6952.2
17.939,6955.7
17.95,6959
17.96,6964.8
17.98,6972.2
17.983,6975.4
17.985,6979.2
17.992,6982.2
18.008,6985.2
18.019,6990.6
18.024,6995.6
18.029,7001.9
18.038,7006.8
18.05,7010.9
18.052,7011
18.057,7014.5
18.071,7019.7
18.085,7025.1
18.106,7035.2
18.122,7048.7
18.141,7057.3
18.148,7059.8
18.169,7098.5
18.187,7114.9
18.202,7138.3
18.211,7152.3
18.223,7154.2
18.226,7159.1
18.23,7164.9
18.235,7166.6
18.242,7169.2
18.256,7171.6
18.277,7175.1
18.3,7192.5
18.323,7202.7
18.344,7213.6
18.368,7224.9
18.395,7244.6
18.408,7245
18.432,7269.8
18.454,7289.3
18.48,7304.9
18.491,7310
18.504,7313.4
18.52,7324.3
18.535,7334.4
18.549,7343.9
18.572,7355.8
18.584,7364.1
18.605,7381.3
18.625,7395.9
18.655,7419.2
18.679,7433.1
18.701,7443.7
18.725,7459.7
18.75,7480.3
18.772,7493.4
18.799,7513.4
18.825,7532.8
18.843,7542.1
18.861,7565.3
18.866,7574.4
18.877,7578.7
18.889,7590.6
18.902,7606.2
18.921,7621
18.939,7639.5
18.958,7654
18.979,7666.6
18.996,7673.4
19.028,7683.1
19.051,7687.5
19.065,7684.6
19.09,7692.2
19.103,7689.3
19.118,7693.6
19.132,7685.8
19.159,7675.7
19.175,7687.7
19.187,7699.8
19.202,7709.7
19.219,7710.7
19.237,7701.2
19.246,7692.8
19.258,7682
19.272,7668.8
19.287,7673.1
19.299,7671.9
19.323,7673
19.338,7676.6
19.365,7686.2
19.374,7691.2
19.388,7692.5
19.398,7693.3
19.411,7692.1
19.43,7699.9
19.451,7702.8
19.485,7709.9
19.51,7712.1
19.533,7711.2
19.559,7721.4
19.576,7728.6
19.605,7749
19.628,7761.8
19.654,7765
19.676,7765.1
19.695,7763.5
19.724,7760.2
19.748,7747.9
19.772,7742.7
19.794,7735.2
19.815,7724.5
19.838,7722.1
19.854,7713.9
19.877,7702.6
19.894,7688.1
19.918,7677.1
19.941,7658.2
19.964,7649.7
19.989,7639.8
20.005,7644.2
20.019,7646.3
20.032,7643.7
20.065,7643
20.096,7637.6
20.13,7643.9
20.17,7653.7
20.195,7657.9
20.224,7663.7
20.26,7673.6
20.279,7679.9
20.305,7702.4
20.318,7715.2
20.331,7734.3
20.354,7753.2
20.369,7757.5
20.386,7757.2
20.409,7759.1
20.447,7765.7
20.479,7766.6
20.501,7762.1
20.522,7770.5
20.548,7766
20.572,7742.3
20.584,7741.3
20.603,7761
20.621,7759
20.64,7757
20.662,7742.2
20.689,7720.4
20.71,7724.4
20.727,7736.6
20.745,7768.6
20.768,7780
20.796,7794.3
20.82,7794.9
20.856,7787.5
20.87,7781
20.889,7786
20.908,7763.4
20.926,7763.5
20.936,7757.5
20.954,7754.9
20.971,7751.4
20.999,7752
21.024,7753.7
21.059,7764.2
21.09,7750
21.128,7752.2
21.156,7732.6
21.193,7714.1
21.202,7707.4
21.22,7698.3
21.237,7695.6
21.258,7713.3
21.284,7734.7
21.313,7741.9
21.345,7742.8
21.386,7738.7
21.414,7757.8
21.504,7865.2
21.523,7840.4
21.544,7834.3
21.585,7835
21.623,7841.3
21.691,7792.4
21.754,7680.6
21.786,7613.4
21.804,7643.8
21.832,7691.4
21.859,7727
21.871,7728.5
21.896,7722.6
21.924,7702.8
21.944,7695.6
21.973,7681.2
21.995,7666.4
22.02,7643.8
22.036,7644.5
22.053,7648.4
22.079,7641.1
22.1,7624
22.117,7600.7
22.131,7591.4
22.148,7586.8
22.154,7584.6
22.173,7571.5
22.198,7541.7
22.21,7531.4
22.221,7530.8
22.231,7528.2
22.243,7523.9
22.25,7527
22.256,7522
22.265,7510.3
22.278,7495.7
22.292,7487.7
22.316,7482.6
22.338,7481.9
22.356,7464.1
22.368,7452
22.389,7444
22.403,7446.6
22.411,7447.5
22.422,7447.3
22.441,7435.7
22.463,7435.8
22.496,7444.1
22.515,7454.5
22.537,7464.3
22.551,7461.3
22.581,7479.2
22.594,7496.6
22.612,7497.4
22.63,7497
22.648,7496.9
22.662,7494.6
22.683,7501.5
22.696,7499.4
22.71,7507
22.725,7511.3
22.748,7510.3
22.77,7518.7
22.799,7532.4
22.82,7535.9
22.831,7529.1
22.845,7528.3
22.864,7534.8
22.879,7533.8
22.889,7536.2
22.908,7548.8
22.922,7549.2
22.928,7553
22.951,7577.4
22.975,7600.1
23,7611
23.021,7626.7
23.046,7646.1
23.067,7657.7
23.084,7670.1
23.113,7692
23.139,7694.5
23.159,7687.2
23.176,7682.9
23.187,7673.8
23.197,7662.2
23.219,7646.4
23.234,7640.6
23.245,7641.6
23.255,7641.1
23.265,7638.3
23.272,7638
23.29,7643.3
23.305,7646.4
23.316,7641.6
23.327,7641.7
23.337,7642.9
23.34,7650.1
23.346,7650.7
23.352,7650.4
23.364,7654.3
23.377,7651.2
23.385,7651.7
23.4,7656.1
23.42,7671.4
23.428,7672.6
23.436,7685.3
23.448,7694
23.472,7669.8
23.494,7694.5
23.505,7697.7
23.521,7699.8
23.533,7698.8
23.556,7694.3
23.559,7696.1
23.571,7702
23.58,7698.8
23.596,7683.3
23.615,7667.3
23.627,7658.2
23.643,7648.1
23.665,7636.8
23.682,7626.5
23.692,7623.2
23.708,7619.4
23.727,7615.8
23.746,7616.5
23.766,7607.7
23.775,7605.3
23.798,7583.9
23.81,7576.5
23.826,7582.8
23.843,7588.4
23.859,7583.3
23.872,7571.2
23.899,7546.4
23.915,7541.8
23.932,7533.8
23.95,7528
23.955,7525.4
23.966,7513.6
23.985,7505.9
24.005,7495.2
24.024,7483.3
24.033,7471.8
24.045,7456.5
24.057,7447.9
24.067,7448.5
24.084,7443.6
24.094,7439.3
24.102,7434
24.117,7434.9
24.135,7415.9
24.142,7416.6
24.15,7421.2
24.167,7425.4
24.189,7427.7
24.2,7434.3
24.216,7430.3
24.234,7408.2
24.26,7391.2
24.291,7365.9
24.311,7349.1
24.329,7334
24.334,7328.8
24.347,7327
24.351,7328.8
24.358,7323.3
24.372,7325
24.388,7315.7
24.398,7313.9
24.406,7296.4
24.422,7258.3
24.435,7263.1
24.448,7252.5
24.456,7253
24.462,7263.3
24.48,7254.8
24.492,7253.9
24.51,7245.2
24.523,7234
24.535,7218.1
24.551,7179.8
24.561,7164.7
24.571,7141.1
24.585,7107.8
24.601,7087.6
24.614,7077.4
24.626,7070.9
24.641,7073.5
24.655,7082.3
24.664,7104.5
24.669,7109.9
24.677,7116.3
24.682,7128.6
24.686,7144.6
24.701,7149.8
24.712,7151.9
24.732,7139
24.752,7150
24.772,7151.6
24.781,7152.4
24.79,7159.9
24.803,7169.3
24.815,7153
24.829,7130.7
24.84,7123.1
24.846,7103.2
24.856,7077.3
24.861,7082.3
24.873,7084.8
24.877,7080.6
24.88,7087.6
24.882,7085
24.887,7067.1
24.89,7060.7
24.896,7073
24.905,7068.7
24.917,7041.3
24.929,7057
24.939,7046.3
24.951,7030.6
24.956,7030.1
24.97,7034.7
24.986,7018.4
24.996,6978.2
25.001,6994.5
25.01,7008.7
25.021,6994.8
25.037,6974.5
25.05,6953.2
25.056,6949.3
25.06,6960.4
25.067,6971.6
25.078,6961.5
25.093,6927.7
25.112,6872.5
25.122,6836.5
25.138,6794.1
25.149,6753.8
25.158,6771.4
25.167,6793.6
25.18,6814.4
25.194,6821.6
25.217,6801.3
25.233,6774.7
25.245,6737.1
25.258,6721.7
25.272,6742.3
25.287,6726.9
25.294,6709.4
25.299,6714.7
25.306,6721.4
25.328,6697.6
25.35,6661.1
25.366,6688.5
25.375,6677.7
25.389,6667.8
25.402,6660.8
25.418,6652.9
25.432,6636.9
25.443,6611.1
25.455,6598.8
25.462,6592.1
25.468,6605.2
25.473,6600.3
25.483,6597.8
25.5,6582.8
25.514,6560.1
25.52,6553.6
25.527,6557.9
25.537,6564
25.545,6557
25.557,6536
25.567,6546.3
25.576,6553.4
25.589,6522.9
25.601,6500.1
25.607,6496.6
25.623,6496.9
25.63,6492.7
25.647,6468.8
25.656,6451.4
25.664,6442.6
25.671,6427.2
25.674,6425.1
25.683,6428
25.692,6424.5
25.71,6422.5
25.724,6399.1
25.733,6377.5
25.742,6370.4
25.75,6379.9
25.758,6361.9
25.764,6337
25.774,6290.9
25.778,6275.2
25.781,6283
25.789,6303.8
25.793,6291.8
25.806,6248.2
25.823,6262.5
25.828,6246.8
25.839,6211.3
25.847,6214.2
25.855,6216.1
25.865,6198.2
25.876,6210.7
25.889,6193.4
25.899,6186.3
25.914,6187.8
25.931,6167.1
25.937,6152.8
25.948,6144.1
25.96,6123.2
25.978,6105.2
25.988,6084.4
26.001,6030.6
26.01,5993.9
26.016,5961.2
26.02,5976.4
26.03,5995.8
26.049,6012.3
26.071,6041.1
26.085,6005
26.095,5972.4
26.11,5920.8
26.118,5887.1
26.129,5870.5
26.148,5857.6
26.169,5862.3
26.195,5871.9
26.198,5855.5
26.212,5827.6
26.228,5795.4
26.243,5762.4
26.256,5742.7
26.272,5730.2
26.276,5717.9
26.282,5722.4
26.287,5719.4
26.301,5702.4
26.313,5706.7
26.326,5708.9
26.344,5694.9
26.374,5706.6
26.395,5695.6
26.416,5667.8
26.44,5651.7
26.453,5632.3
26.475,5618
26.485,5604.9
26.502,5591.9
26.526,5559.2
26.551,5544.9
26.564,5538.1
26.577,5533
26.585,5540.2
26.592,5553.7
26.605,5576.6
26.612,5570
26.619,5551
26.63,5529.3
26.641,5507.1
26.646,5515
26.665,5573.6
26.675,5592.4
26.688,5574
26.7,5580.1
26.715,5586
26.725,5609.4
26.738,5634.7
26.747,5661.4
26.758,5635.4
26.776,5586.1
26.792,5552.1
26.805,5529.1
26.829,5484.8
26.842,5473
26.855,5476.3
26.875,5470.4
26.893,5451.9
26.911,5438.7
26.928,5409.2
26.935,5404.8
26.944,5405
26.949,5405.3
26.96,5399.7
26.972,5407.6
26.976,5408.2
26.983,5406.9
26.992,5399.9
27.005,5392
27.019,5386.6
27.031,5379.3
27.041,5382.1
27.058,5370
27.076,5367.5
27.084,5359.6
27.097,5359.2
27.118,5367.7
27.132,5359.3
27.147,5347.9
27.158,5331.2
27.178,5323.6
27.213,5318.1
27.215,5317.7
27.231,5304.1
27.243,5301.6
27.26,5303.1
27.28,5311.8
27.294,5322.1
27.317,5316.8
27.335,5314.4
27.348,5318.9
27.362,5323.5
27.377,5327.6
27.392,5323.5
27.406,5318.9
27.419,5314.4
27.437,5316.8
27.46,5322.1
27.474,5311.8
27.494,5303.1
27.511,5301.6
27.523,5304.1
27.539,5317.7
27.563,5317.2
27.599,5311.2
27.624,5311.1
27.661,5307.2
27.696,5295.8
27.728,5285.2
27.766,5275.7
27.783,5275.1
27.796,5273.3
27.805,5278.6
27.811,5279.9
27.817,5279.7
27.831,5279.2
27.85,5277.4
27.869,5272.3
27.888,5272.2
27.91,5288.6
27.924,5291
27.941,5284.7
27.971,5273.6
27.994,5263.6
28.022,5261.4
28.043,5261.4
28.074,5265.5
28.098,5263.7
28.124,5257.4
28.136,5251.3
28.154,5252.5
28.174,5251.1
28.19,5253.7
28.211,5252
28.234,5255.3
28.244,5246.4
28.27,5225.3
28.287,5222.9
28.308,5221.7
28.318,5223.5
28.328,5219.2
28.334,5216.8
28.351,5219.3
28.368,5222.9
28.383,5218.4
28.404,5211.8
28.417,5210.8
28.428,5212.2
28.441,5213.7
28.454,5211.7
28.465,5207.3
28.475,5203.2
28.51,5194.6
28.531,5194.4
28.552,5196
28.564,5196.1
28.57,5195.6
28.579,5193.7
28.591,5186.7
28.607,5190.9
28.64,5186.2
28.663,5182.8
28.693,5179.9
28.712,5189.4
28.733,5187.7
28.755,5175.7
28.766,5170.8
28.782,5168
28.794,5169.3
28.814,5171.3
28.839,5170.6
28.856,5163.9
28.869,5158.4
28.893,5153.9
28.911,5151.9
28.937,5150.2
28.968,5146.3
28.98,5146.7
28.998,5151.6
29.013,5153.6
29.021,5157
29.034,5158.3
29.058,5155.2
29.068,5154.5
29.091,5159.6
29.107,5162.9
29.131,5155.4
29.152,5147.9
29.167,5148.3
29.198,5144.9
29.224,5135.2
29.241,5135.9
29.27,5146
29.294,5147.8
29.316,5133
29.339,5123.7
29.351,5113.5
29.361,5109.3
29.367,5109.6
29.398,5108.5
29.417,5108.1
29.45,5109
29.466,5107
29.494,5104.6
29.516,5102.9
29.546,5100.9
29.576,5098.8
29.594,5099.9
29.614,5100.1
29.634,5098.2
29.661,5095
29.682,5095.9
29.702,5087.9
29.721,5081.7
29.738,5076.8
29.759,5077.7
29.78,5075
29.804,5085
29.824,5087.6
29.855,5089.6
29.874,5084.4
29.907,5081.2
29.922,5079.5
29.94,5077.5
29.964,5073.9
29.992,5068.3
30.013,5064
30.038,5057.1
30.051,5057.6
30.067,5056.4
30.08,5054.7
30.104,5057.5
30.113,5056.6
30.14,5058.9
30.167,5058.7
30.182,5059.6
30.194,5059.6
30.209,5050.3
30.218,5041.6
30.231,5031.7
30.242,5021.4
30.255,5024.2
30.266,5029.8
30.286,5038.2
30.307,5038
30.339,5040.4
30.354,5037.8
30.374,5039.5
30.388,5035.6
30.399,5034.2
30.424,5032.8
30.436,5033.7
30.456,5031.4
30.461,5028.2
30.466,5027.5
30.471,5025.7
30.479,5020.4
30.489,5017.9
30.496,5017.3
30.512,5009.5
30.519,5006.3
30.523,5005.6
30.531,5005.5
30.546,5002.7
30.552,5003.3
30.559,5002.5
30.571,5002.3
30.575,5002.7
30.587,5001.6
30.597,4999.7
30.602,4999.4
30.617,4998.4
30.625,4998
30.636,5000.4
30.644,5001.7
30.65,5008.5
30.666,5011.9
30.687,5012.5
30.704,5019.8
30.724,5018.3
30.734,5023.8
30.743,5033.5
30.761,5038.3
30.779,5041.7
30.794,5038.3
30.805,5035.7
30.814,5035.3
30.821,5034.1
30.829,5035.4
30.842,5035.8
30.858,5028.9
30.871,5022.4
30.878,5019.8
30.88,5018.7
30.882,5019.8
30.888,5016.6
30.892,5014.8
30.898,5011.9
30.903,5009.8
30.91,5007.1
30.918,5002.2
30.926,4998.4
30.93,4996.7
30.934,4995.9
30.95,4993.7
30.967,4991.8
30.982,4991.5
30.991,4991.8
31.002,4990.8
31.01,4993.8
31.015,4997.1
31.025,5003.3
31.036,5009.8
31.05,5016.4
31.061,5027.6
31.078,5038.7
31.091,5045.2
31.108,5056.1
31.116,5065.1
31.131,5078.8
31.148,5092.3
31.173,5108.9
31.196,5124.2
31.218,5138.2
31.244,5162.5
31.259,5171.4
31.279,5178.3
31.29,5180.5
31.296,5181.3
31.327,5198.4
31.351,5209.7
31.381,5220.3
31.421,5249.4
31.454,5270.1
31.471,5283.7
31.481,5286.6
31.5,5302.7
31.519,5323.6
31.546,5342.3
31.553,5352.2
31.571,5359.7
31.591,5375.5
31.616,5368.1
31.623,5366.8
31.635,5386.4
31.643,5387.4
31.658,5398
31.674,5402.8
31.683,5403
31.695,5424.3
31.714,5456.2
31.732,5462
31.746,5465.1
31.767,5484.8
31.787,5490.8
31.802,5485.2
31.809,5487.3
31.837,5529.7
31.866,5533.4
31.881,5556.4
31.902,5602.1
31.916,5612.4
31.934,5633.8
31.964,5660.4
31.98,5661.8
32.005,5685.7
32.018,5703.6
32.039,5715.5
32.052,5724.1
32.067,5744.1
32.086,5750.1
32.102,5748.1
32.115,5746.7
32.139,5804.4
32.161,5812.9
32.176,5824.1
32.184,5830.9
32.206,5854.4
32.216,5854.7
32.224,5867.2
32.247,5875
32.273,5891.3
32.296,5920.5
32.307,5953.4
32.318,5948.3
32.343,5957.6
32.365,5989.2
32.383,6003.3
32.405,6031.2
32.428,6032.6
32.438,6025
32.444,6025.7
32.452,6038.1
32.47,6048.2
32.484,6088.1
32.505,6094.4
32.518,6101.7
32.525,6123
32.538,6119.9
32.546,6115.7
32.552,6133.1
32.565,6158.5
32.577,6161.2
32.605,6192.2
32.62,6182.1
32.633,6176.1
32.644,6201.2
32.656,6196.5
32.673,6210.5
32.695,6229.8
32.715,6239.1
32.731,6229.7
32.757,6224.1
32.77,6235.6
32.787,6277.9
32.81,6272.7
32.82,6284.2
32.844,6318
32.869,6326.9
32.883,6340.1
32.914,6379.1
32.934,6407.7
32.949,6426.3
32.958,6436.6
32.97,6454.8
32.979,6457.9
32.989,6466
32.994,6475.8
33.004,6463.7
33.026,6449.6
33.038,6449.3
33.05,6444.7
33.061,6455.1
33.079,6474.3
33.096,6487.9
33.112,6524.6
33.128,6518.7
33.137,6517.9
33.15,6541.4
33.163,6559.4
33.173,6556.5
33.187,6545.3
33.197,6538
33.201,6543
33.217,6560.7
33.236,6568.6
33.246,6569.6
33.255,6573
33.268,6573.5
33.286,6582.3
33.3,6577.1
33.309,6584.6
33.328,6608.4
33.348,6630
33.356,6637
33.365,6619.9
33.38,6624.9
33.389,6631.8
33.402,6619.9
33.41,6623.5
33.418,6636.7
33.43,6668.7
33.449,6704.2
33.466,6699.1
33.482,6691.5
33.492,6689.4
33.507,6717.4
33.53,6741.9
33.555,6774.2
33.571,6795.4
33.576,6803.4
33.583,6805.7
33.597,6802.7
33.606,6794
33.609,6784
33.624,6797.3
33.645,6826.8
33.658,6830.6
33.677,6835.3
33.695,6867
33.706,6888
33.727,6911.4
33.735,6928.4
33.751,6926.8
33.762,6919.8
33.769,6917.2
33.782,6939.7
33.788,6942.9
33.795,6961.3
33.809,6966.9
33.826,6972.3
33.837,6973.3
33.843,6978.2
33.858,6992
33.88,6997.2
33.902,7009
33.917,7008.7
33.934,7013.3
33.946,7013
33.957,7007.2
33.977,6996.2
33.995,6986.5
34.004,6982.8
34.026,6966
34.039,6958.5
34.056,6954.1
34.073,6954.1
34.083,6956.5
34.097,6956.6
34.11,6963.6
34.127,6983.1
34.147,6996.9
34.163,7006
34.173,7008.6
34.185,7013.9
34.194,7014
34.203,7011.5
34.214,7006.3
34.244,6993.2
34.266,6987.1
34.28,6988.1
34.299,6990.1
34.319,6994.7
34.335,6996.2
34.344,6995.4
34.355,6993.1
34.363,6990.5
34.372,6987.4
34.38,6986.7
34.389,6985.2
34.404,6990
34.416,6993.8
34.425,6990.3
34.435,6980.5
34.436,6982.2
34.445,6988.9
34.455,6993.8
34.467,6990
34.482,6985.2
34.491,6986.7
34.498,6987.4
34.508,6990.5
34.516,6993.1
34.527,6995.4
34.536,6996.2
34.551,6994.7
34.572,6990.1
34.591,6988.1
34.605,6987.1
34.627,6993.2
34.657,7006.3
34.668,7011.5
34.677,7014
34.685,7013.9
34.698,7008.6
34.708,7006
34.724,6996.9
34.744,6983.1
34.761,6963.6
34.774,6956.6
34.788,6956.5
34.798,6954.1
34.815,6954.1
34.831,6958.5
34.845,6966
34.867,6982.8
34.876,6986.5
34.894,6996.2
34.913,7007.2
34.925,7013
34.937,7013.3
34.954,7008.7
34.969,7009
34.991,6997.2
35.013,6992
35.028,6978.2
35.034,6973.3
35.045,6972.3
35.062,6966.9
35.076,6961.3
35.083,6942.9
35.089,6939.7
35.102,6917.2
35.109,6919.8
35.12,6926.8
35.136,6928.4
35.144,6911.4
35.164,6888
35.176,6867
35.194,6835.3
35.213,6830.6
35.226,6826.8
35.247,6797.3
35.261,6784
35.265,6794
35.274,6802.7
35.288,6805.7
35.295,6803.4
35.299,6795.4
35.316,6774.2
35.341,6741.9
35.364,6717.4
35.379,6689.4
35.389,6691.5
35.405,6699.1
35.422,6704.2
35.441,6668.7
35.453,6636.7
35.46,6623.5
35.469,6619.9
35.482,6631.8
35.491,6624.9
35.505,6619.9
35.515,6637
35.523,6630
35.543,6608.4
35.562,6584.6
35.571,6577.1
35.585,6582.3
35.603,6573.5
35.616,6573
35.625,6569.6
35.635,6568.6
35.654,6560.7
35.67,6543
35.674,6538
35.684,6545.3
35.698,6556.5
35.708,6559.4
35.72,6541.4
35.734,6517.9
35.743,6518.7
35.759,6524.6
35.775,6487.9
35.792,6474.3
35.81,6455.1
35.821,6444.7
35.833,6449.3
35.845,6449.6
35.867,6463.7
35.877,6475.8
35.882,6466
35.892,6457.9
35.901,6454.8
35.913,6436.6
35.922,6426.3
35.937,6407.7
35.957,6379.1
35.988,6340.1
36.002,6326.9
36.027,6318
36.051,6284.2
36.061,6272.7
36.084,6277.9
36.101,6235.6
36.114,6224.1
36.14,6229.7
36.156,6239.1
36.176,6229.8
36.198,6210.5
36.215,6196.5
36.227,6201.2
36.238,6176.1
36.251,6182.1
36.266,6192.2
36.293,6161.2
36.306,6158.5
36.319,6133.1
36.325,6115.7
36.332,6119.9
36.346,6123
36.353,6101.7
36.366,6094.4
36.387,6088.1
36.401,6048.2
36.419,6038.1
36.427,6025.7
36.433,6025
36.443,6032.6
36.466,6031.2
36.488,6003.3
36.506,5989.2
36.527,5957.6
36.553,5948.3
36.564,5953.4
36.575,5920.5
36.598,5891.3
36.624,5875
36.647,5867.2
36.655,5854.7
36.664,5854.4
36.686,5830.9
36.695,5824.1
36.71,5812.9
36.732,5804.4
36.756,5746.7
36.769,5748.1
36.785,5750.1
36.804,5744.1
36.819,5724.1
36.832,5715.5
36.853,5703.6
36.866,5685.7
36.891,5661.8
36.907,5660.4
36.937,5633.8
36.955,5612.4
36.969,5602.1
36.99,5556.4
37.005,5533.4
37.034,5529.7
37.062,5487.3
37.069,5485.2
37.084,5490.8
37.104,5484.8
37.125,5465.1
37.139,5462
37.157,5456.2
37.176,5424.3
37.188,5403
37.197,5402.8
37.213,5398
37.228,5387.4
37.236,5386.4
37.248,5366.8
37.255,5368.1
37.28,5375.5
37.299,5359.7
37.318,5352.2
37.325,5342.3
37.352,5323.6
37.371,5302.7
37.389,5286.6
37.4,5283.7
37.417,5270.1
37.45,5249.4
37.49,5220.3
37.52,5209.7
37.544,5198.4
37.575,5181.3
37.581,5180.5
37.592,5178.3
37.612,5171.4
37.627,5162.5
37.653,5138.2
37.674,5124.2
37.698,5108.9
37.723,5092.3
37.74,5078.8
37.755,5065.1
37.763,5056.1
37.78,5045.2
37.793,5038.7
37.81,5027.6
37.821,5016.4
37.835,5009.8
37.846,5003.3
37.855,4997.1
37.861,4993.8
37.869,4990.8
37.88,4991.8
37.889,4991.5
37.904,4991.8
37.921,4993.7
37.937,4995.9
37.941,4996.7
37.945,4998.4
37.952,5002.2
37.961,5007.1
37.968,5009.8
37.973,5011.9
37.979,5014.8
37.983,5016.6
37.989,5019.8
37.998,5025.8
38,5024.8
38.003,5022.5
38.009,5019.8
38.015,5022.4
38.028,5028.9
38.044,5035.8
38.057,5035.4
38.066,5034.1
38.073,5035.3
38.081,5035.7
38.092,5038.3
38.107,5041.7
38.125,5038.3
38.143,5033.5
38.152,5023.8
38.162,5018.3
38.182,5019.8
38.199,5012.5
38.22,5011.9
38.236,5008.5
38.243,5001.7
38.25,5000.4
38.261,4998
38.269,4998.4
38.284,4999.4
38.29,4999.7
38.299,5001.6
38.312,5002.7
38.315,5002.3
38.327,5002.5
38.334,5003.3
38.341,5002.7
38.355,5005.5
38.363,5005.6
38.367,5006.3
38.374,5009.5
38.391,5017.3
38.398,5017.9
38.408,5020.4
38.415,5025.7
38.42,5027.5
38.425,5028.2
38.43,5031.4
38.45,5033.7
38.462,5032.8
38.487,5034.2
38.498,5035.6
38.513,5039.5
38.532,5037.8
38.548,5040.4
38.58,5038
38.601,5038.2
38.62,5029.8
38.632,5024.2
38.644,5021.4
38.656,5031.7
38.668,5041.6
38.678,5050.3
38.692,5059.6
38.705,5059.6
38.719,5058.7
38.746,5058.9
38.773,5056.6
38.782,5057.5
38.806,5054.7
38.819,5056.4
38.836,5057.6
38.848,5057.1
38.874,5064
38.894,5068.3
38.922,5073.9
38.946,5077.5
38.965,5079.5
38.979,5081.2
39.013,5084.4
39.031,5089.6
39.062,5087.6
39.083,5085
39.106,5075
39.127,5077.7
39.148,5076.8
39.165,5081.7
39.185,5087.9
39.205,5095.9
39.225,5095
39.252,5098.2
39.272,5100.1
39.293,5099.9
39.31,5098.8
39.34,5100.9
39.37,5102.9
39.393,5104.6
39.42,5107
39.436,5109
39.469,5108.1
39.489,5108.5
39.519,5109.6
39.526,5109.3
39.535,5113.5
39.547,5123.7
39.57,5133
39.593,5147.8
39.616,5146
39.645,5135.9
39.662,5135.2
39.689,5144.9
39.72,5148.3
39.734,5147.9
39.755,5155.4
39.779,5162.9
39.795,5159.6
39.818,5154.5
39.828,5155.2
39.853,5158.3
39.865,5157
39.873,5153.6
39.888,5151.6
39.906,5146.7
39.919,5146.3
39.949,5150.2
39.975,5151.9
39.993,5153.9
40.018,5158.4
40.03,5163.9
40.047,5170.6
40.072,5171.3
40.092,5169.3
40.104,5168
40.12,5170.8
40.131,5175.7
40.154,5187.7
40.174,5189.4
40.193,5179.9
40.223,5182.8
40.246,5186.2
40.28,5190.9
40.295,5186.7
40.307,5193.7
40.316,5195.6
40.322,5196.1
40.335,5196
40.355,5194.4
40.376,5194.6
40.411,5203.2
40.421,5207.3
40.432,5211.7
40.445,5213.7
40.459,5212.2
40.47,5210.8
40.483,5211.8
40.504,5218.4
40.519,5222.9
40.536,5219.3
40.552,5216.8
40.558,5219.2
40.568,5223.5
40.579,5221.7
40.599,5222.9
40.616,5225.3
40.642,5246.4
40.653,5255.3
40.676,5252
40.696,5253.7
40.712,5251.1
40.733,5252.5
40.751,5251.3
40.762,5257.4
40.789,5263.7
40.812,5265.5
40.844,5261.4
40.864,5261.4
40.892,5263.6
40.915,5273.6
40.946,5284.7
40.962,5291
40.976,5288.6
40.998,5272.2
41.017,5272.3
41.036,5277.4
41.056,5279.2
41.07,5279.7
41.075,5279.9
41.082,5278.6
41.091,5273.3
41.104,5275.1
41.12,5275.7
41.158,5285.2
41.19,5295.8
41.225,5307.2
41.262,5311.1
41.288,5311.2
41.324,5317.2
41.347,5317.7
41.363,5304.1
41.375,5301.6
41.393,5303.1
41.412,5311.8
41.427,5322.1
41.449,5316.8
41.467,5314.4
41.481,5318.9
41.495,5323.5
41.509,5327.6
41.524,5323.5
41.538,5318.9
41.551,5314.4
41.57,5316.8
41.592,5322.1
41.607,5311.8
41.626,5303.1
41.643,5301.6
41.655,5304.1
41.671,5317.7
41.673,5318.1
41.708,5323.6
41.728,5331.2
41.739,5347.9
41.755,5359.3
41.768,5367.7
41.789,5359.2
41.803,5359.6
41.81,5367.5
41.829,5370
41.845,5382.1
41.855,5379.3
41.867,5386.6
41.882,5392
41.894,5399.9
41.903,5406.9
41.91,5408.2
41.915,5407.6
41.926,5399.7
41.937,5405.3
41.942,5405
41.952,5404.8
41.958,5409.2
41.975,5438.7
41.994,5451.9
42.012,5470.4
42.032,5476.3
42.044,5473
42.057,5484.8
42.082,5529.1
42.095,5552.1
42.11,5586.1
42.129,5635.4
42.139,5661.4
42.149,5634.7
42.161,5609.4
42.171,5586
42.186,5580.1
42.198,5574
42.211,5592.4
42.221,5573.6
42.241,5515
42.245,5507.1
42.257,5529.3
42.267,5551
42.275,5570
42.281,5576.6
42.295,5553.7
42.301,5540.2
42.31,5533
42.323,5538.1
42.336,5544.9
42.36,5559.2
42.384,5591.9
42.401,5604.9
42.411,5618
42.433,5632.3
42.446,5651.7
42.471,5667.8
42.491,5695.6
42.512,5706.6
42.542,5694.9
42.56,5708.9
42.574,5706.7
42.585,5702.4
42.599,5719.4
42.604,5722.4
42.61,5717.9
42.615,5730.2
42.63,5742.7
42.643,5762.4
42.659,5795.4
42.674,5827.6
42.689,5855.5
42.692,5871.9
42.717,5862.3
42.739,5857.6
42.757,5870.5
42.769,5887.1
42.776,5920.8
42.791,5972.4
42.801,6005
42.816,6041.1
42.837,6012.3
42.856,5995.8
42.866,5976.4
42.87,5961.2
42.876,5993.9
42.885,6030.6
42.898,6084.4
42.908,6105.2
42.926,6123.2
42.939,6144.1
42.949,6152.8
42.956,6167.1
42.972,6187.8
42.987,6186.3
42.997,6193.4
43.01,6210.7
43.021,6198.2
43.031,6216.1
43.039,6214.2
43.047,6211.3
43.058,6246.8
43.064,6262.5
43.081,6248.2
43.094,6291.8
43.098,6303.8
43.105,6283
43.108,6275.2
43.112,6290.9
43.123,6337
43.129,6361.9
43.136,6379.9
43.144,6370.4
43.153,6377.5
43.162,6399.1
43.176,6422.5
43.194,6424.5
43.203,6428
43.212,6425.1
43.215,6427.2
43.223,6442.6
43.231,6451.4
43.239,6468.8
43.256,6492.7
43.263,6496.9
43.279,6496.6
43.285,6500.1
43.298,6522.9
43.31,6553.4
43.319,6546.3
43.329,6536
43.341,6557
43.349,6564
43.359,6557.9
43.366,6553.6
43.372,6560.1
43.386,6582.8
43.403,6597.8
43.414,6600.3
43.418,6605.2
43.425,6592.1
43.432,6598.8
43.444,6611.1
43.454,6636.9
43.469,6652.9
43.484,6660.8
43.498,6667.8
43.512,6677.7
43.52,6688.5
43.537,6661.1
43.558,6697.6
43.58,6721.4
43.588,6714.7
43.593,6709.4
43.599,6726.9
43.614,6742.3
43.629,6721.7
43.641,6737.1
43.654,6774.7
43.669,6801.3
43.693,6821.6
43.706,6814.4
43.719,6793.6
43.729,6771.4
43.737,6753.8
43.748,6794.1
43.764,6836.5
43.774,6872.5
43.793,6927.7
43.808,6961.5
43.82,6971.6
43.826,6960.4
43.831,6949.3
43.836,6953.2
43.849,6974.5
43.865,6994.8
43.877,7008.7
43.885,6994.5
43.89,6978.2
43.901,7018.4
43.917,7034.7
43.93,7030.1
43.935,7030.6
43.947,7046.3
43.958,7057
43.969,7041.3
43.982,7068.7
43.991,7073
43.996,7060.7
43.999,7067.1
44.004,7085
44.006,7087.6
44.009,7080.6
44.013,7084.8
44.025,7082.3
44.03,7077.3
44.04,7103.2
44.047,7123.1
44.058,7130.7
44.071,7153
44.083,7169.3
44.096,7159.9
44.105,7152.4
44.114,7151.6
44.135,7150
44.154,7139
44.174,7151.9
44.185,7149.8
44.201,7144.6
44.204,7128.6
44.209,7116.3
44.217,7109.9
44.223,7104.5
44.231,7082.3
44.245,7073.5
44.26,7070.9
44.273,7077.4
44.285,7087.6
44.302,7107.8
44.316,7141.1
44.325,7164.7
44.335,7179.8
44.352,7218.1
44.363,7234
44.376,7245.2
44.394,7253.9
44.407,7254.8
44.424,7263.3
44.43,7253
44.438,7252.5
44.452,7263.1
44.464,7258.3
44.48,7296.4
44.489,7313.9
44.499,7315.7
44.514,7325
44.528,7323.3
44.536,7328.8
44.539,7327
44.552,7328.8
44.557,7334
44.575,7349.1
44.595,7365.9
44.627,7391.2
44.652,7408.2
44.67,7430.3
44.686,7434.3
44.698,7427.7
44.72,7425.4
44.737,7421.2
44.744,7416.6
44.751,7415.9
44.769,7434.9
44.784,7434
44.792,7439.3
44.802,7443.6
44.819,7448.5
44.829,7447.9
44.841,7456.5
44.853,7471.8
44.862,7483.3
44.881,7495.2
44.901,7505.9
44.921,7513.6
44.931,7525.4
44.936,7528
44.954,7533.8
44.971,7541.8
44.988,7546.4
45.015,7571.2
45.028,7583.3
45.043,7588.4
45.06,7582.8
45.076,7576.5
45.088,7583.9
45.111,7605.3
45.12,7607.7
45.14,7616.5
45.16,7615.8
45.179,7619.4
45.194,7623.2
45.204,7626.5
45.221,7636.8
45.244,7648.1
45.259,7658.2
45.272,7667.3
45.29,7683.3
45.307,7698.8
45.316,7702
45.327,7696.1
45.33,7694.3
45.354,7698.8
45.365,7699.8
45.381,7697.7
45.403,7692.8
45.404,7692.1
45.409,7685.3
45.416,7672.6
45.425,7671.4
45.444,7656.1
45.46,7651.7
45.468,7651.2
45.481,7654.3
45.492,7650.4
45.499,7650.7
45.505,7650.1
45.508,7642.9
45.518,7641.7
45.528,7641.6
45.54,7646.4
45.554,7643.3
45.573,7638
45.58,7638.3
45.59,7641.1
45.599,7641.6
45.61,7640.6
45.626,7646.4
45.647,7662.2
45.658,7673.8
45.669,7682.9
45.685,7687.2
45.706,7694.5
45.732,7692
45.761,7670.1
45.778,7657.7
45.799,7646.1
45.824,7626.7
45.844,7611
45.87,7600.1
45.894,7577.4
45.917,7553
45.923,7549.2
45.937,7548.8
45.956,7536.2
45.966,7533.8
45.981,7534.8
46,7528.3
46.014,7529.1
46.025,7535.9
46.046,7532.4
46.075,7518.7
46.096,7510.3
46.12,7511.3
46.135,7507
46.149,7499.4
46.162,7501.5
46.183,7494.6
46.197,7496.9
46.215,7497
46.233,7497.4
46.25,7496.6
46.264,7479.2
46.294,7461.3
46.308,7464.3
46.33,7454.5
46.349,7444.1
46.382,7435.8
46.404,7435.7
46.423,7447.3
46.434,7447.5
46.442,7446.6
46.456,7444
46.477,7452
46.488,7464.1
46.507,7481.9
46.529,7482.6
46.552,7487.7
46.567,7495.7
46.579,7510.3
46.589,7522
46.595,7527
46.602,7523.9
46.614,7528.2
46.624,7530.8
46.635,7531.4
46.646,7541.7
46.672,7571.5
46.691,7584.6
46.697,7586.8
46.714,7591.4
46.728,7600.7
46.745,7624
46.766,7641.1
46.791,7648.4
46.809,7644.5
46.825,7643.8
46.85,7666.4
46.872,7681.2
46.9,7695.6
46.921,7702.8
46.949,7722.6
46.974,7728.5
46.986,7727
47.013,7691.4
47.04,7643.8
47.059,7613.4
47.091,7680.6
47.154,7792.4
47.221,7841.3
47.26,7835
47.301,7834.3
47.322,7840.4
47.341,7865.2
47.431,7757.8
47.459,7738.7
47.5,7742.8
47.532,7741.9
47.561,7734.7
47.587,7713.3
47.608,7695.6
47.625,7698.3
47.642,7707.4
47.652,7714.1
47.689,7732.6
47.716,7752.2
47.755,7750
47.785,7764.2
47.82,7753.7
47.845,7752
47.874,7751.4
47.89,7754.9
47.909,7757.5
47.919,7763.5
47.937,7763.4
47.956,7786
47.975,7781
47.989,7787.5
48.024,7794.9
48.049,7794.3
48.077,7780
48.1,7768.6
48.118,7736.6
48.135,7724.4
48.155,7720.4
48.183,7742.2
48.205,7757
48.223,7759
48.242,7761
48.26,7741.3
48.273,7742.3
48.296,7766
48.323,7770.5
48.343,7762.1
48.365,7766.6
48.398,7765.7
48.436,7759.1
48.459,7757.2
48.476,7757.5
48.491,7753.2
48.513,7734.3
48.527,7715.2
48.54,7702.4
48.566,7679.9
48.585,7673.6
48.62,7663.7
48.65,7657.9
48.675,7653.7
48.714,7643.9
48.748,7637.6
48.78,7643
48.812,7643.7
48.821,7638.3
48.854,7616.1
48.878,7599.4
48.908,7589.4
48.942,7577.3
48.954,7572.7
48.97,7568.9
48.989,7556
49.009,7559.1
49.025,7559
49.044,7546.5
49.052,7536.4
49.074,7526.6
49.088,7515.3
49.109,7499
49.132,7482.2
49.155,7468.2
49.166,7460.1
49.182,7458.1
49.199,7450.1
49.224,7452.4
49.241,7448
49.278,7452.9
49.3,7454.2
49.328,7463.3
49.353,7469
49.374,7460.3
49.457,7325.8
49.487,7350.4
49.521,7431.5
49.558,7462.5
49.593,7476.4
49.608,7488.9
49.646,7486.4
49.666,7473.7
49.679,7468.9
49.699,7462.9
49.729,7451.4
49.765,7435.5
49.799,7415.7
49.859,7414.1
49.88,7419.5
49.925,7440.5
49.984,7399.9
50.017,7400.4
50.046,7418.3
50.067,7431
50.094,7446.4
50.119,7448.6
50.15,7457.8
50.175,7475.7
50.197,7478.9
50.222,7474.2
50.246,7474
50.273,7492.8
50.295,7507.5
50.309,7512.4
50.322,7523.1
50.346,7516.3
50.368,7500.5
50.389,7482.5
50.408,7461.9
50.425,7449.1
50.441,7441.8
50.463,7431
50.482,7425.6
50.501,7418.2
50.517,7409.1
50.54,7384.7
50.567,7345.5
50.598,7289.3
50.637,7290.2
50.662,7281
50.702,7274.3
50.738,7282.9
50.768,7288.7
50.797,7298.5
50.815,7302.6
50.845,7317.3
50.849,7320.3
50.851,7318.5
50.877,7323.4
50.939,7315.2
51.014,7347.3
51.062,7339.6
51.123,7348.2
51.205,7366
51.282,7361.4
51.321,7364.1
51.348,7375
51.368,7383.3
51.39,7389.8
51.414,7398.6
51.441,7400.6
51.464,7414.9
51.496,7422.6
51.526,7410.3
51.559,7422.1
51.582,7428.8
51.612,7423.8
51.644,7429.8
51.68,7445.3
51.702,7448
51.726,7452.6
51.753,7464.6
51.815,7476.5
51.857,7486.5
51.901,7498.6
51.966,7503.5
52.01,7513.4
52.043,7519.5
52.082,7530.5
52.11,7547.5
52.203,7596.7
52.257,7623.3
52.323,7648.3
52.363,7656.4
52.389,7681.7
52.41,7698.8
52.44,7722.8
52.454,7730.5
52.471,7732.2
52.479,7742.2
52.506,7765.1
52.524,7772.9
52.55,7800.2
52.587,7837
52.598,7827.2
52.618,7820.8
52.63,7825.1
52.657,7830.6
52.668,7828.8
52.677,7844.7
52.705,7873.4
52.739,7904.3
52.762,7923.3
52.81,7917.6
52.868,7887.4
52.947,7847.9
52.999,7838.9
53.048,7820.1
53.074,7814.1
53.089,7808.6
53.114,7799.1
53.127,7797.3
53.166,7784.1
53.195,7772.5
53.219,7767.3
53.235,7765.7
53.238,7765.2
53.242,7766.5
53.243,7765.7
53.254,7765.6
53.285,7765.9
53.307,7759.6
53.319,7756.8
53.33,7752.1
53.338,7749.7
53.354,7748.5
53.383,7758.1
53.402,7770.5
53.433,7792.7
53.476,7816.1
53.551,7851.8
53.601,7879
53.615,7881.9
53.63,7890.5
53.659,7913.2
53.68,7921.4
53.733,7922.9
53.79,7961.4
53.816,7954.2
53.84,7953.6
53.861,7959.6
53.876,7971.3
53.891,7991.5
53.897,8000.3
53.902,8003.1
53.916,8005
53.93,8000.5
53.945,7996.4
53.955,7995.6
53.97,7975.7
53.979,7975.5
53.985,7974.5
53.991,7977.5
53.997,7983.1
54.002,7982.5
54.013,7989.4
54.03,8004.1
54.048,8022.9
54.074,8042.7
54.089,8050.5
54.113,8064.2
54.139,8075.1
54.167,8082.9
54.175,8085.6
54.182,8091
54.208,8117.6
54.269,8172.2
54.323,8209.3
54.361,8238.4
54.369,8245.7
54.374,8248.9
54.379,8250.5
54.395,8255.2
54.408,8269.4
54.42,8275.8
54.431,8286.2
54.448,8303.7
54.467,8328.1
54.489,8341.2
54.5,8360.3
54.521,8269.1
54.541,8360.3
54.552,8341.2
54.575,8328.1
54.593,8303.7
54.61,8286.2
54.621,8275.8
54.633,8269.4
54.646,8255.2
54.662,8250.5
54.668,8248.9
54.672,8245.7
54.681,8238.4
54.718,8209.3
54.773,8172.2
54.833,8117.6
54.859,8091
54.866,8085.6
54.874,8082.9
54.902,8075.1
54.928,8064.2
54.952,8050.5
54.968,8042.7
54.993,8022.9
55.012,8004.1
55.029,7989.4
55.039,7982.5
55.045,7983.1
55.051,7977.5
55.057,7974.5
55.062,7975.5
55.07,7970.9
55.077,7965
55.088,7954.8
55.097,7949.3
55.105,7939.4
55.119,7928
55.132,7909.1
55.14,7899.2
55.153,7886.2
55.159,7887
55.177,7896.8
55.19,7899.5
55.199,7892.2
55.204,7884.5
55.22,7858.9
55.235,7854.1
55.251,7839.5
55.263,7822.8
55.273,7809.9
55.282,7807.6
55.293,7818.3
55.3,7806.1
55.309,7793.2
55.313,7779.3
55.319,7775.6
55.327,7773.3
55.331,7761.1
55.336,7751.3
55.341,7749.3
55.356,7711.5
55.371,7681.7
55.38,7666.9
55.384,7665
55.388,7669.5
55.396,7675.6
55.406,7686.7
55.41,7689.7
55.419,7675
55.427,7662
55.434,7658.9
55.443,7665.4
55.453,7649.9
55.461,7641.6
55.469,7639.3
55.475,7639.9
55.483,7622.1
55.492,7607.8
55.499,7597.6
55.508,7587.2
55.516,7587.5
55.523,7583.8
55.533,7561.3
55.539,7553.5
55.547,7549.9
55.552,7531.8
55.557,7522.7
55.564,7529.1
55.576,7531.6
55.581,7518.2
55.587,7509.4
55.598,7492.7
55.604,7488.4
55.612,7477.4
55.619,7478.7
55.629,7483.1
55.636,7488.5
55.642,7474.3
55.649,7455.1
55.659,7440.1
55.673,7425.7
55.689,7413.8
55.695,7411.6
55.697,7409.1
55.701,7398.3
55.704,7390.3
55.712,7398.7
55.715,7395.7
55.724,7377.7
55.734,7367.1
55.743,7360.9
55.748,7351.1
55.758,7337.3
55.771,7329
55.778,7310.9
55.79,7301.1
55.796,7292.2
55.805,7283.5
55.814,7260.9
55.826,7268.6
55.841,7289.8
55.854,7255.4
55.862,7243.6
55.876,7209.1
55.886,7178.1
55.89,7166.8
55.897,7160.5
55.904,7161.2
55.908,7150.1
55.912,7138.9
55.919,7143.6
55.926,7130.3
55.928,7125.2
55.942,7126.5
55.954,7118.9
55.964,7112.5
55.966,7106.2
55.969,7104.4
55.976,7096.4
55.987,7079.9
55.994,7062.2
55.998,7048.2
56.011,7033.6
56.017,7016
56.039,6977
56.061,6914.8
56.086,6864
56.12,6801.5
56.149,6773.2
56.175,6742.1
56.191,6731.7
56.201,6701.6
56.209,6679.6
56.22,6658.9
56.236,6633.6
56.244,6627.1
56.25,6620
56.256,6622.2
56.263,6605
56.269,6596.4
56.271,6592.9
56.283,6573.3
56.291,6565.1
56.3,6554.5
56.302,6552
56.308,6547.4
56.315,6547.8
56.321,6550.2
56.325,6548.9
56.332,6539.3
56.342,6532.4
56.353,6520.6
56.363,6515.4
56.384,6492.7
56.397,6476.6
56.405,6469.7
56.411,6472.1
56.42,6463.1
56.431,6448.2
56.451,6425.3
56.471,6400.3
56.474,6399.6
56.486,6391.9
56.496,6380.9
56.506,6377.2
56.525,6367.5
56.544,6356.3
56.553,6353.4
56.574,6330
56.586,6320.7
56.599,6304.4
56.61,6291.2
56.623,6280.1
56.626,6278
56.633,6274.3
56.646,6275.2
56.653,6273
56.671,6264.3
56.685,6255.5
56.693,6249
56.701,6238.9
56.703,6234.6
56.707,6230.4
56.711,6228.3
56.714,6225.4
56.721,6215.9
56.726,6208.9
56.733,6203.2
56.738,6199.7
56.744,6191.9
56.747,6188
56.751,6186
56.755,6183.6
56.76,6182
56.764,6177.1
56.767,6173.3
56.773,6165.4
56.778,6158.6
56.783,6150.7
56.788,6148.4
56.793,6147
56.797,6141.5
56.802,6134.6
56.812,6126.9
56.82,6118.7
56.827,6119.2
56.83,6114.9
56.839,6103.5
56.847,6097.3
56.852,6099.4
56.865,6088.9
56.877,6082.5
56.887,6078
56.898,6066.7
56.906,6058.5
56.915,6054
56.921,6057.4
56.933,6060.6
56.948,6067.1
56.96,6072.3
56.973,6075.2
56.977,6074
56.984,6078.7
56.987,6079.3
56.991,6076.4
56.996,6072.4
57.001,6072.8
57.014,6076
57.023,6084.7
57.029,6084.8
57.044,6086
57.058,6082.9
57.07,6079.6
57.078,6083.7
57.082,6085
57.087,6080.1
57.091,6074.9
57.099,6062.4
57.105,6060.8
57.113,6060.6
57.118,6063.4
57.124,6061.6
57.128,6057.3
57.131,6055.2
57.135,6054.5
57.148,6043.3
57.157,6036.8
57.162,6030.8
57.166,6023.1
57.174,6013.4
57.184,6002.3
57.188,6000.2
57.194,6003.5
57.201,6008
57.207,6005.2
57.211,5997.4
57.218,5991.5
57.224,5985.8
57.229,5980
57.236,5971.9
57.24,5969
57.247,5971.4
57.252,5970
57.26,5962.2
57.27,5956.5
57.279,5955.1
57.295,5941.2
57.313,5930.7
57.333,5915.8
57.353,5898.3
57.365,5888.3
57.376,5882.2
57.383,5882.7
57.389,5878.5
57.409,5865.4
57.418,5858.6
57.432,5844.7
57.45,5824.3
57.465,5808.7
57.477,5800.8
57.49,5792.2
57.506,5778.1
57.515,5770.7
57.52,5768.5
57.531,5761.7
57.542,5754.5
57.547,5750.7
57.555,5748.2
57.564,5747.6
57.573,5747.4
57.587,5744.1
57.598,5740.7
57.603,5740.3
57.61,5742.3
57.621,5742.8
57.628,5740.5
57.636,5741.6
57.644,5744.8
57.649,5744.6
57.658,5741.1
57.663,5737.9
57.671,5730.5
57.674,5729
57.679,5730.3
57.682,5732.3
57.688,5736.7
57.694,5741.3
57.698,5744.7
57.703,5747.7
57.708,5751
57.718,5757.1
57.728,5761.5
57.738,5764.1
57.747,5764.5
57.752,5764.6
57.765,5769.4
57.775,5773.1
57.786,5777.8
57.797,5779.9
57.809,5783.8
57.821,5786.8
57.83,5789.4
57.84,5788.7
57.845,5790.1
57.848,5792.6
57.855,5796.8
57.869,5799.4
57.88,5801.4
57.888,5804.4
57.901,5809.7
57.917,5818.1
57.926,5820.3
57.938,5823
57.951,5820.6
57.961,5819.6
57.972,5818.6
57.985,5818.6
57.995,5818.9
58.001,5820.9
58.007,5822.5
58.014,5825.3
58.025,5831
58.033,5835.6
58.04,5840.1
58.047,5842.1
58.056,5842.8
58.057,5842.9
58.065,5842.9
58.071,5841
58.077,5838.9
58.082,5838.5
58.086,5837.2
58.094,5836.3
58.1,5838
58.106,5839.4
58.116,5842.5
58.121,5843.3
58.128,5845.4
58.134,5846.2
58.14,5847.2
58.144,5847.5
58.152,5848.9
58.156,5849.6
58.161,5848.8
58.169,5848.3
58.176,5848.2
58.207,5838.8
58.213,5837.7
58.22,5836.2
58.224,5835.1
58.237,5832.2
58.244,5830.8
58.251,5829.3
58.284,5827.5
58.297,5824.4
58.307,5820.7
58.312,5819.1
58.323,5815.7
58.354,5805
58.357,5804.3
58.388,5797.3
58.39,5797
58.393,5797
58.396,5797.2
58.428,5804.3
58.431,5805
58.462,5815.7
58.472,5819.1
58.477,5820.7
58.487,5824.4
58.501,5828.8
58.521,5834.1
58.525,5835
58.533,5836.2
58.57,5837.5
58.576,5839
58.591,5843.5
58.599,5845.7
58.614,5852.7
58.62,5858.1
58.633,5867.7
58.637,5870.8
58.652,5881.3
58.659,5885.3
58.663,5888.1
58.692,5915.5
58.696,5918.1
58.705,5926.3
58.713,5931
58.736,5950.3
58.753,5961.1
58.76,5964.4
58.768,5972.3
58.775,5977.9
58.781,5985.2
58.858,6082.6
58.866,6079.1
58.885,6072
58.902,6078.4
58.92,6101.6
58.929,6111.3
58.937,6123.5
58.958,6148.3
58.968,6153.4
58.975,6153.7
58.984,6148.5
58.995,6159.2
59.023,6198.3
59.035,6221.3
59.059,6231.9
59.086,6269.8
59.1,6279.7
59.113,6273.4
59.148,6293.9
59.177,6331.5
59.19,6354
59.205,6370.1
59.21,6380.1
59.22,6392.1
59.234,6388.7
59.243,6392.1
59.268,6434.5
59.291,6455.8
59.321,6492.1
59.335,6510.2
59.351,6533
59.363,6553
59.384,6563.6
59.403,6577.6
59.422,6594.4
59.446,6618.7
59.467,6635.8
59.481,6652.1
59.503,6657
59.523,6650.6
59.538,6671.7
59.545,6687.9
59.564,6706.9
59.588,6733.4
59.608,6730.3
59.631,6770.1
59.651,6786.9
59.661,6781.9
59.673,6835.2
59.696,6863.9
59.712,6852.6
59.728,6843.8
59.737,6829.3
59.75,6866.8
59.762,6905
59.773,6941.2
59.788,6941
59.799,6928.6
59.804,6925.7
59.809,6945.1
59.817,6974.1
59.828,6978.3
59.844,6974.2
59.858,6967.7
59.878,6980.6
59.9,6998.7
59.91,6998.8
59.927,7003.5
59.946,6976.1
59.966,6959
59.994,7027.5
60.011,7043.3
60.028,7090.9
60.036,7082.6
60.058,7121.6
60.068,7130.5
60.085,7151.3
60.093,7149
60.101,7159.4
60.114,7168.2
60.129,7162.1
60.14,7119
60.158,7163.7
60.173,7195
60.188,7204.5
60.198,7207.5
60.206,7209.6
60.219,7230
60.238,7241.1
60.256,7242.8
60.276,7235.2
60.29,7236.6
60.305,7240.7
60.319,7251.7
60.327,7266.2
60.339,7283.2
60.351,7299.7
60.365,7304.2
60.379,7304.5
60.389,7307
60.409,7336.6
60.436,7338.6
60.467,7368.4
60.48,7383.1
60.509,7391.5
60.535,7393.9
60.566,7444.1
60.597,7472.2
60.623,7488.6
60.631,7495.7
60.653,7477.8
60.671,7527.5
60.698,7550.8
60.728,7563.5
60.749,7570
60.761,7587.1
60.798,7616.7
60.825,7640.2
60.864,7629.8
60.874,7634.7
60.903,7683.4
60.934,7697.2
60.956,7730.4
60.986,7751.2
61.016,7742.7
61.021,7746.6
61.054,7798.2
61.073,7805.5
61.092,7809
61.107,7790.3
61.126,7835.5
61.141,7846.1
61.153,7852.3
61.172,7856.8
61.196,7878.4
61.214,7885.9
61.224,7881.2
61.242,7912
61.269,7918.8
61.289,7924.9
61.321,7945.1
61.342,7973.2
61.376,7986
61.403,7997
61.431,8001.8
61.444,8008.3
61.464,8026
61.468,8025.3
61.482,8027.4
61.499,8036
61.534,8051.6
61.544,8066.1
61.578,8082.1
61.584,8089.4
61.596,8099.5
61.618,8116.3
61.625,8120.5
61.629,8122.9
61.634,8123.4
61.637,8122.8
61.645,8122.2
61.656,8124
61.663,8124.6
61.665,8125.5
61.671,8127.1
61.677,8129.8
61.682,8132.8
61.691,8137.3
61.698,8141.6
61.705,8146.5
61.714,8154.8
61.719,8158.3
61.727,8161.8
61.741,8166.9
61.745,8165.8
61.755,8162
61.761,8158
61.767,8152.8
61.777,8148
61.779,8147
61.781,8148
61.79,8152.8
61.797,8158
61.802,8162
61.812,8165.8
61.817,8166.9
61.83,8161.8
61.839,8158.3
61.844,8154.8
61.852,8146.5
61.86,8141.6
61.867,8137.3
61.875,8132.8
61.881,8129.8
61.887,8127.1
61.892,8125.5
61.894,8124.6
61.902,8124
61.913,8122.2
61.92,8122.8
61.923,8123.4
61.929,8122.9
61.936,8131.7
61.949,8141.8
61.966,8138.9
61.973,8133
61.988,8110.6
62.003,8093.9
62.019,8095.4
62.03,8110.1
62.045,8147.3
62.056,8127.3
62.066,8108.4
62.082,8100
62.091,8099.2
62.098,8103.1
62.113,8106.9
62.124,8110.6
62.138,8132.9
62.153,8139.8
62.174,8163.9
62.198,8171.2
62.21,8176.3
62.227,8182.9
62.232,8189.3
62.238,8190.1
62.257,8213.1
62.289,8238
62.309,8261
62.327,8236.3
62.347,8283.9
62.362,8292.2
62.378,8302.5
62.395,8311.1
62.408,8324.6
62.425,8342.9
62.44,8341.9
62.446,8346.5
62.464,8371
62.473,8369.7
62.502,8399.6
62.512,8387.4
62.518,8394.9
62.534,8427.4
62.549,8440.5
62.572,8447.8
62.596,8484.3
62.607,8498
62.618,8503.4
62.643,8491.8
62.649,8504.8
62.665,8527.9
62.677,8545.9
62.686,8560.3
62.7,8571.7
62.705,8573.9
62.71,8579.9
62.725,8582.8
62.735,8580.5
62.741,8579
62.746,8581.9
62.754,8592.3
62.77,8604
62.784,8604.8
62.792,8618.2
62.799,8618.4
62.813,8635.8
62.845,8713.8
62.848,8715.9
62.853,8711
62.861,8728.3
62.88,8734.1
62.883,8736.6
62.886,8733.8
62.905,8728.3
62.913,8711
62.919,8715.9
62.922,8713.8
62.954,8635.8
62.967,8618.4
62.974,8618.2
62.983,8604.8
62.997,8604
63.013,8592.3
63.02,8581.9
63.025,8579
63.032,8580.5
63.042,8582.8
63.057,8579.9
63.062,8573.9
63.066,8571.7
63.081,8560.3
63.09,8545.9
63.102,8527.9
63.118,8504.8
63.124,8491.8
63.149,8503.4
63.159,8498
63.17,8484.3
63.195,8447.8
63.218,8440.5
63.233,8427.4
63.249,8394.9
63.254,8387.4
63.265,8399.6
63.294,8369.7
63.303,8371
63.32,8346.5
63.326,8341.9
63.342,8342.9
63.359,8324.6
63.372,8311.1
63.389,8302.5
63.405,8292.2
63.419,8283.9
63.44,8236.3
63.457,8261
63.477,8238
63.509,8213.1
63.528,8190.1
63.535,8189.3
63.54,8182.9
63.556,8176.3
63.569,8171.2
63.593,8163.9
63.614,8139.8
63.629,8132.9
63.642,8110.6
63.654,8106.9
63.669,8103.1
63.676,8099.2
63.685,8100
63.7,8108.4
63.71,8127.3
63.722,8147.3
63.737,8110.1
63.748,8095.4
63.764,8093.9
63.779,8110.6
63.794,8133
63.801,8138.9
63.817,8141.8
63.831,8131.7
63.838,8122.9
63.842,8120.5
63.849,8116.3
63.871,8099.5
63.883,8089.4
63.889,8082.1
63.922,8066.1
63.933,8051.6
63.968,8036
63.985,8027.4
63.999,8025.3
64.003,8026
64.023,8008.3
64.036,8001.8
64.064,7997
64.091,7986
64.125,7973.2
64.146,7945.1
64.178,7924.9
64.198,7918.8
64.225,7912
64.243,7881.2
64.253,7885.9
64.271,7878.4
64.295,7856.8
64.314,7852.3
64.326,7846.1
64.341,7835.5
64.36,7790.3
64.375,7809
64.394,7805.5
64.413,7798.2
64.446,7746.6
64.451,7742.7
64.481,7751.2
64.511,7730.4
64.533,7697.2
64.564,7683.4
64.593,7634.7
64.603,7629.8
64.642,7640.2
64.669,7616.7
64.706,7587.1
64.718,7570
64.739,7563.5
64.769,7550.8
64.796,7527.5
64.814,7477.8
64.836,7495.7
64.844,7488.6
64.87,7472.2
64.901,7444.1
64.932,7393.9
64.958,7391.5
64.987,7383.1
65,7368.4
65.031,7338.6
65.058,7336.6
65.078,7307
65.087,7304.5
65.102,7304.2
65.116,7299.7
65.128,7283.2
65.14,7266.2
65.148,7251.7
65.162,7240.7
65.177,7236.6
65.191,7235.2
65.211,7242.8
65.229,7241.1
65.248,7230
65.261,7209.6
65.269,7207.5
65.279,7204.5
65.294,7195
65.309,7163.7
65.327,7119
65.338,7162.1
65.353,7168.2
65.366,7159.4
65.374,7149
65.382,7151.3
65.399,7130.5
65.409,7121.6
65.431,7082.6
65.439,7090.9
65.456,7043.3
65.473,7027.5
65.501,6959
65.521,6976.1
65.54,7003.5
65.557,6998.8
65.567,6998.7
65.589,6980.6
65.609,6967.7
65.623,6974.2
65.639,6978.3
65.65,6974.1
65.658,6945.1
65.663,6925.7
65.668,6928.6
65.679,6941
65.694,6941.2
65.705,6905
65.717,6866.8
65.73,6829.3
65.739,6843.8
65.755,6852.6
65.771,6863.9
65.794,6835.2
65.806,6781.9
65.816,6786.9
65.836,6770.1
65.859,6730.3
65.879,6733.4
65.903,6706.9
65.922,6687.9
65.929,6671.7
65.944,6650.6
65.964,6657
65.986,6652.1
66,6635.8
66.021,6618.7
66.045,6594.4
66.064,6577.6
66.083,6563.6
66.104,6553
66.116,6533
66.132,6510.2
66.146,6492.1
66.176,6455.8
66.199,6434.5
66.224,6392.1
66.233,6388.7
66.247,6392.1
66.257,6380.1
66.262,6370.1
66.277,6354
66.29,6331.5
66.319,6293.9
66.354,6273.4
66.367,6279.7
66.381,6269.8
66.408,6231.9
66.432,6221.3
66.444,6198.3
66.472,6159.2
66.483,6148.5
66.492,6153.7
66.499,6153.4
66.509,6148.3
66.53,6123.5
66.538,6111.3
66.547,6101.6
66.565,6078.4
66.582,6072
66.601,6079.1
66.609,6082.6
66.686,5985.2
66.692,5977.9
66.699,5972.3
66.707,5964.4
66.714,5961.1
66.731,5950.3
66.754,5931
66.762,5926.3
66.771,5918.1
66.775,5915.5
66.804,5888.1
66.808,5885.3
66.815,5881.3
66.83,5870.8
66.834,5867.7
66.847,5858.1
66.853,5852.7
66.868,5845.7
66.876,5843.5
66.891,5839
66.897,5837.5
66.934,5836.2
66.942,5835
66.946,5834.1
66.966,5828.8
66.98,5824.4
66.99,5820.7
66.995,5819.1
67.005,5815.7
67.036,5805
67.039,5804.3
67.071,5797.3